Autostrada, Station ,Zählstellenname,Zählstellen-nummer,Abschnitt (von - bis),Richtung,Fahrzeugklasse,DTVMS Mo-So Kfz/24h,DTVMS Mo-Fr Kfz/24h,DTVMS Mo Kfz/24h,DTVDD Di-So Kfz/24h,DTVFR Fr Kfz/24h,DTVSA Kfz/24h,DTVSF Sonn- und Feiertage Kfz/24h,Datengüte
A05,2.0,Eibesbrunn,35,gesamt,gesamt,"Kfz <= 3,5t hzG",31.524,33.586,32.843,33.251,34.901,31.732,24.169,Messung
A05,22.1,Schrick,390,Gaweinstal Nord - Schrick,Staatsgrenze Drasenhofen,Kfz,14.143,15.561,13.947,15.457,16.802,14.156,9.171,Messung
A05,22.1,Schrick,390,Gaweinstal Nord - Schrick,Staatsgrenze Drasenhofen,"Kfz > 3,5t hzG",1.818,2.366,1.809,2.439,2.511,1.311,239.0,Messung
A05,22.1,Schrick,390,Gaweinstal Nord - Schrick,Staatsgrenze Drasenhofen,"Kfz <= 3,5t hzG",12.325,13.195,12.138,13.018,14.291,12.845,8.932,Messung
A05,22.1,Schrick,390,Schrick - Gaweinstal Nord,Kn. Eibensbrunn,Kfz,14.373,15.309,17.108,15.191,14.535,13.527,11.665,Messung
A05,22.1,Schrick,390,Schrick - Gaweinstal Nord,Kn. Eibensbrunn,"Kfz > 3,5t hzG",1.761,2.36,3.627,2.457,1.349,681.0,381.0,Messung
A05,22.1,Schrick,390,Schrick - Gaweinstal Nord,Kn. Eibensbrunn,"Kfz <= 3,5t hzG",12.612,12.949,13.481,12.734,13.186,12.846,11.284,Messung
A05,22.1,Schrick,390,gesamt,gesamt,Kfz,28.517,30.87,31.056,30.648,31.336,27.683,20.836,Messung
A05,22.1,Schrick,390,gesamt,gesamt,"Kfz > 3,5t hzG",3.579,4.726,5.436,4.896,3.86,1.992,620.0,Messung
A05,22.1,Schrick,390,gesamt,gesamt,"Kfz <= 3,5t hzG",24.938,26.144,25.62,25.752,27.476,25.691,20.216,Messung
A05,26.9,Kettlasbrunn,437,Mistelbach Süd - Mistelbach Ost / Wilfersdorf,Staatsgrenze Drasenhofen,Kfz,9.884,10.651,9.065,10.465,12.083,10.777,6.607,Messung
A05,26.9,Kettlasbrunn,437,Mistelbach Süd - Mistelbach Ost / Wilfersdorf,Staatsgrenze Drasenhofen,"Kfz > 3,5t hzG",1.69,2.181,1.597,2.249,2.356,1.279,243.0,Messung
A05,26.9,Kettlasbrunn,437,Mistelbach Süd - Mistelbach Ost / Wilfersdorf,Staatsgrenze Drasenhofen,"Kfz <= 3,5t hzG",8.194,8.47,7.468,8.216,9.727,9.498,6.364,Messung
A05,26.9,Kettlasbrunn,437,Mistelbach Ost / Wilfersdorf - Mistelbach Süd,Kn. Eibensbrunn,Kfz,10.172,10.425,11.944,10.284,9.879,10.312,9.193,"32,3% Tage geschätzt"
A05,26.9,Kettlasbrunn,437,Mistelbach Ost / Wilfersdorf - Mistelbach Süd,Kn. Eibensbrunn,"Kfz > 3,5t hzG",1.61,2.147,3.397,2.234,1.171,644.0,372.0,Messung
A05,26.9,Kettlasbrunn,437,Mistelbach Ost / Wilfersdorf - Mistelbach Süd,Kn. Eibensbrunn,"Kfz <= 3,5t hzG",8.562,8.278,8.547,8.05,8.708,9.668,8.821,"32,3% Tage geschätzt"
A05,26.9,Kettlasbrunn,437,gesamt,gesamt,Kfz,20.056,21.076,21.009,20.749,21.962,21.089,15.8,"32,3% Tage geschätzt"
A05,26.9,Kettlasbrunn,437,gesamt,gesamt,"Kfz > 3,5t hzG",3.3,4.328,4.994,4.483,3.527,1.923,615.0,Messung
A05,26.9,Kettlasbrunn,437,gesamt,gesamt,"Kfz <= 3,5t hzG",16.756,16.748,16.015,16.266,18.435,19.166,15.185,"32,3% Tage geschätzt"
A05,30.9,Wilfersdorf,21,Mistelbach Ost/Wilfersdorf - Poysdorf Süd,Staatsgrenze Drasenhofen,Kfz,8.142,8.548,6.841,8.376,10.018,9.41,5.88,Messung
A05,30.9,Wilfersdorf,21,Mistelbach Ost/Wilfersdorf - Poysdorf Süd,Staatsgrenze Drasenhofen,"Kfz > 3,5t hzG",1.585,2.033,1.428,2.091,2.245,1.262,232.0,Messung
A05,30.9,Wilfersdorf,21,Mistelbach Ost/Wilfersdorf - Poysdorf Süd,Staatsgrenze Drasenhofen,"Kfz <= 3,5t hzG",6.557,6.515,5.413,6.285,7.773,8.148,5.648,Messung
A05,30.9,Wilfersdorf,21,Poysdorf Süd - Mistelbach Ost/Wilfersdorf,Kn. Eibensbrunn,Kfz,8.639,8.668,10.274,8.472,8.217,9.111,8.22,Messung
A05,30.9,Wilfersdorf,21,Poysdorf Süd - Mistelbach Ost/Wilfersdorf,Kn. Eibensbrunn,"Kfz > 3,5t hzG",1.54,2.046,3.298,2.124,1.094,629.0,374.0,Messung
A05,30.9,Wilfersdorf,21,Poysdorf Süd - Mistelbach Ost/Wilfersdorf,Kn. Eibensbrunn,"Kfz <= 3,5t hzG",7.099,6.622,6.976,6.348,7.123,8.482,7.846,Messung
A05,30.9,Wilfersdorf,21,gesamt,gesamt,Kfz,16.781,17.216,17.115,16.848,18.235,18.521,14.1,Messung
A05,30.9,Wilfersdorf,21,gesamt,gesamt,"Kfz > 3,5t hzG",3.125,4.079,4.726,4.215,3.339,1.891,606.0,Messung
A05,30.9,Wilfersdorf,21,gesamt,gesamt,"Kfz <= 3,5t hzG",13.656,13.137,12.389,12.633,14.896,16.63,13.494,Messung
A05,38.8,Großkrut,22,Poysdorf Süd - Großkrut,Staatsgrenze Drasenhofen,Kfz,7.371,7.64,5.898,7.449,9.182,8.81,5.471,Messung
A05,38.8,Großkrut,22,Poysdorf Süd - Großkrut,Staatsgrenze Drasenhofen,"Kfz > 3,5t hzG",1.562,1.992,1.349,2.047,2.234,1.303,233.0,Messung
A05,38.8,Großkrut,22,Poysdorf Süd - Großkrut,Staatsgrenze Drasenhofen,"Kfz <= 3,5t hzG",5.809,5.648,4.549,5.402,6.948,7.507,5.238,Messung
A05,38.8,Großkrut,22,Großkrut - Poysdorf Süd,Kn. Eibensbrunn,Kfz,7.869,7.757,9.395,7.514,7.408,8.515,7.831,Messung
A05,38.8,Großkrut,22,Großkrut - Poysdorf Süd,Kn. Eibensbrunn,"Kfz > 3,5t hzG",1.521,2.012,3.297,2.075,1.076,620.0,406.0,Messung
A05,38.8,Großkrut,22,Großkrut - Poysdorf Süd,Kn. Eibensbrunn,"Kfz <= 3,5t hzG",6.348,5.745,6.098,5.439,6.332,7.895,7.425,Messung
A05,38.8,Großkrut,22,gesamt,gesamt,Kfz,15.24,15.397,15.293,14.963,16.59,17.325,13.302,Messung
A05,38.8,Großkrut,22,gesamt,gesamt,"Kfz > 3,5t hzG",3.083,4.004,4.646,4.122,3.31,1.923,639.0,Messung
A05,38.8,Großkrut,22,gesamt,gesamt,"Kfz <= 3,5t hzG",12.157,11.393,10.647,10.841,13.28,15.402,12.663,Messung
A05,44.6,Poysdorf,443,Großkrut - Poysdorf Nord,Staatsgrenze Drasenhofen,Kfz,5.823,5.945,4.43,5.777,7.289,7.301,4.409,Messung
A05,44.6,Poysdorf,443,Großkrut - Poysdorf Nord,Staatsgrenze Drasenhofen,"Kfz > 3,5t hzG",1.544,1.967,1.326,2.018,2.22,1.298,228.0,Messung
A05,44.6,Poysdorf,443,Großkrut - Poysdorf Nord,Staatsgrenze Drasenhofen,"Kfz <= 3,5t hzG",4.279,3.978,3.104,3.759,5.069,6.003,4.181,Messung
A05,44.6,Poysdorf,443,Poysdorf Nord - Großkrut,Kn. Eibensbrunn,Kfz,6.089,5.893,7.304,5.676,5.608,6.856,6.264,Messung
A05,44.6,Poysdorf,443,Poysdorf Nord - Großkrut,Kn. Eibensbrunn,"Kfz > 3,5t hzG",1.507,1.993,3.282,2.053,1.064,610.0,406.0,Messung
A05,44.6,Poysdorf,443,Poysdorf Nord - Großkrut,Kn. Eibensbrunn,"Kfz <= 3,5t hzG",4.582,3.9,4.022,3.623,4.544,6.246,5.858,Messung
A05,44.6,Poysdorf,443,gesamt,gesamt,Kfz,11.912,11.838,11.734,11.453,12.897,14.157,10.673,Messung
A05,44.6,Poysdorf,443,gesamt,gesamt,"Kfz > 3,5t hzG",3.051,3.96,4.608,4.071,3.284,1.908,634.0,Messung
A05,44.6,Poysdorf,443,gesamt,gesamt,"Kfz <= 3,5t hzG",8.861,7.878,7.126,7.382,9.613,12.249,10.039,Messung
A05,53.6,Drasenhofen,4,Drasenhofen West - Drasenhofen Nord,Staatsgrenze Drasenhofen,Kfz,4.983,4.969,3.687,4.807,6.159,6.583,3.967,Messung
A05,53.6,Drasenhofen,4,Drasenhofen West - Drasenhofen Nord,Staatsgrenze Drasenhofen,"Kfz > 3,5t hzG",1.539,1.963,1.331,2.011,2.218,1.29,218.0,Messung
A05,53.6,Drasenhofen,4,Drasenhofen West - Drasenhofen Nord,Staatsgrenze Drasenhofen,"Kfz <= 3,5t hzG",3.444,3.006,2.356,2.796,3.941,5.293,3.749,Messung
A05,53.6,Drasenhofen,4,Drasenhofen Nord - Drasenhofen West,Kn. Eibensbrunn,Kfz,5.421,5.141,6.483,4.919,4.912,6.295,5.82,Messung
A05,53.6,Drasenhofen,4,Drasenhofen Nord - Drasenhofen West,Kn. Eibensbrunn,"Kfz > 3,5t hzG",1.507,1.994,3.293,2.054,1.059,603.0,404.0,Messung
A05,53.6,Drasenhofen,4,Drasenhofen Nord - Drasenhofen West,Kn. Eibensbrunn,"Kfz <= 3,5t hzG",3.914,3.147,3.19,2.865,3.853,5.692,5.416,Messung
A05,53.6,Drasenhofen,4,gesamt,gesamt,Kfz,10.404,10.11,10.17,9.726,11.071,12.878,9.787,Messung
A05,53.6,Drasenhofen,4,gesamt,gesamt,"Kfz > 3,5t hzG",3.046,3.957,4.624,4.065,3.277,1.893,622.0,Messung
A05,53.6,Drasenhofen,4,gesamt,gesamt,"Kfz <= 3,5t hzG",7.358,6.153,5.546,5.661,7.794,10.985,9.165,Messung
A06,4.1,Potzneusiedl,756,Kn. Bruckneudorf - Potzneusiedl,Staatsgrenze Kittsee,Kfz,10.329,11.281,9.486,10.876,13.412,10.376,6.963,"51,6% Tage geschätzt"
A06,4.1,Potzneusiedl,756,Kn. Bruckneudorf - Potzneusiedl,Staatsgrenze Kittsee,"Kfz > 3,5t hzG",1.35,1.843,1.682,1.899,1.794,530.0,171.0,Messung
A06,4.1,Potzneusiedl,756,Kn. Bruckneudorf - Potzneusiedl,Staatsgrenze Kittsee,"Kfz <= 3,5t hzG",8.979,9.438,7.804,8.977,11.618,9.846,6.792,"51,6% Tage geschätzt"
A06,4.1,Potzneusiedl,756,Potzneusiedl - Kn. Bruckneudorf,Kn. Bruckneudorf,Kfz,11.226,11.405,13.529,11.385,10.185,10.161,11.306,"51,6% Tage geschätzt"
A06,4.1,Potzneusiedl,756,Potzneusiedl - Kn. Bruckneudorf,Kn. Bruckneudorf,"Kfz > 3,5t hzG",1.415,1.973,2.743,2.049,1.316,310.0,200.0,Messung
A06,4.1,Potzneusiedl,756,Potzneusiedl - Kn. Bruckneudorf,Kn. Bruckneudorf,"Kfz <= 3,5t hzG",9.811,9.432,10.786,9.336,8.869,9.851,11.106,"51,6% Tage geschätzt"
A06,4.1,Potzneusiedl,756,gesamt,gesamt,Kfz,21.555,22.686,23.015,22.261,23.597,20.537,18.269,"51,6% Tage geschätzt"
A06,4.1,Potzneusiedl,756,gesamt,gesamt,"Kfz > 3,5t hzG",2.765,3.816,4.425,3.948,3.11,840.0,371.0,Messung
A06,4.1,Potzneusiedl,756,gesamt,gesamt,"Kfz <= 3,5t hzG",18.79,18.87,18.59,18.313,20.487,19.697,17.898,"51,6% Tage geschätzt"
A06,21.0,Kittsee/A,762,Kittsee - Staatsgrenze Kittsee,Staatsgrenze Kittsee,Kfz,9.064,9.947,8.081,9.477,12.288,8.97,6.038,"48,4% Tage geschätzt"
A06,21.0,Kittsee/A,762,Kittsee - Staatsgrenze Kittsee,Staatsgrenze Kittsee,"Kfz > 3,5t hzG",1.263,1.72,1.511,1.76,1.739,513.0,163.0,Messung
A06,21.0,Kittsee/A,762,Kittsee - Staatsgrenze Kittsee,Staatsgrenze Kittsee,"Kfz <= 3,5t hzG",7.801,8.227,6.57,7.717,10.549,8.457,5.875,"48,4% Tage geschätzt"
A06,21.0,Kittsee/A,762,Staatsgrenze Kittsee - Kittsee,Kn. Bruckneudorf,Kfz,9.656,9.78,11.782,9.646,8.928,8.773,9.811,"45,2% Tage geschätzt"
A06,21.0,Kittsee/A,762,Staatsgrenze Kittsee - Kittsee,Kn. Bruckneudorf,"Kfz > 3,5t hzG",1.328,1.845,2.675,1.906,1.19,295.0,208.0,Messung
A06,21.0,Kittsee/A,762,Staatsgrenze Kittsee - Kittsee,Kn. Bruckneudorf,"Kfz <= 3,5t hzG",8.328,7.935,9.107,7.74,7.738,8.478,9.603,"45,2% Tage geschätzt"
A06,21.0,Kittsee/A,762,gesamt,gesamt,Kfz,18.72,19.727,19.863,19.123,21.216,17.743,15.849,"48,4% Tage geschätzt"
A06,21.0,Kittsee/A,762,gesamt,gesamt,"Kfz > 3,5t hzG",2.591,3.565,4.186,3.666,2.929,808.0,371.0,Messung
A06,21.0,Kittsee/A,762,gesamt,gesamt,"Kfz <= 3,5t hzG",16.129,16.162,15.677,15.457,18.287,16.935,15.478,"48,4% Tage geschätzt"
A07,1.9,ASt Franzosenhausweg,649,Kn. Linz - Franzosenhausweg,Unterweitersdorf,Kfz,36.04,40.616,41.465,40.553,40.271,30.696,23.586,Messung
A07,1.9,ASt Franzosenhausweg,649,Kn. Linz - Franzosenhausweg,Unterweitersdorf,"Kfz > 3,5t hzG",2.154,3.012,3.23,3.152,2.52,517.0,242.0,Messung
A07,1.9,ASt Franzosenhausweg,649,Kn. Linz - Franzosenhausweg,Unterweitersdorf,"Kfz <= 3,5t hzG",33.886,37.604,38.235,37.401,37.751,30.179,23.344,Messung
A07,1.9,ASt Franzosenhausweg,649,Franzosenhausweg - Kn. Linz,Kn. Linz,Kfz,39.9,45.686,46.485,45.74,45.067,33.652,23.812,"3,2% Tage geschätzt"
A07,1.9,ASt Franzosenhausweg,649,Franzosenhausweg - Kn. Linz,Kn. Linz,"Kfz > 3,5t hzG",2.275,3.188,3.675,3.344,2.488,495.0,266.0,Messung
A07,1.9,ASt Franzosenhausweg,649,Franzosenhausweg - Kn. Linz,Kn. Linz,"Kfz <= 3,5t hzG",37.625,42.498,42.81,42.396,42.579,33.157,23.546,"3,2% Tage geschätzt"
A07,1.9,ASt Franzosenhausweg,649,gesamt,gesamt,Kfz,75.94,86.302,87.95,86.293,85.338,64.348,47.398,"3,2% Tage geschätzt"
A07,1.9,ASt Franzosenhausweg,649,gesamt,gesamt,"Kfz > 3,5t hzG",4.429,6.2,6.905,6.496,5.008,1.012,508.0,Messung
A07,1.9,ASt Franzosenhausweg,649,gesamt,gesamt,"Kfz <= 3,5t hzG",71.511,80.102,81.045,79.797,80.33,63.336,46.89,"3,2% Tage geschätzt"
A07,4.7,Bindermichl,282,Linz Salzburger Str. - Muldenstraße,Unterweitersdorf,Kfz,44.206,50.369,51.328,50.542,49.346,36.267,27.925,Messung
A07,4.7,Bindermichl,282,Linz Salzburger Str. - Muldenstraße,Unterweitersdorf,"Kfz > 3,5t hzG",2.155,3.022,3.215,3.174,2.51,493.0,228.0,Messung
A07,4.7,Bindermichl,282,Linz Salzburger Str. - Muldenstraße,Unterweitersdorf,"Kfz <= 3,5t hzG",42.051,47.347,48.113,47.368,46.836,35.774,27.697,Messung
A07,4.7,Bindermichl,282,Muldenstraße - Linz Salzburger Str.,Kn. Linz,Kfz,44.62,51.0,52.162,50.971,50.379,37.704,26.9,"6,5% Tage geschätzt"
A07,4.7,Bindermichl,282,Muldenstraße - Linz Salzburger Str.,Kn. Linz,"Kfz > 3,5t hzG",2.192,3.079,3.562,3.246,2.355,459.0,243.0,Messung
A07,4.7,Bindermichl,282,Muldenstraße - Linz Salzburger Str.,Kn. Linz,"Kfz <= 3,5t hzG",42.428,47.921,48.6,47.725,48.024,37.245,26.657,"6,5% Tage geschätzt"
A07,4.7,Bindermichl,282,gesamt,gesamt,Kfz,88.826,101.369,103.49,101.513,99.725,73.971,54.825,"6,5% Tage geschätzt"
A07,4.7,Bindermichl,282,gesamt,gesamt,"Kfz > 3,5t hzG",4.347,6.101,6.777,6.42,4.865,952.0,471.0,Messung
A07,4.7,Bindermichl,282,gesamt,gesamt,"Kfz <= 3,5t hzG",84.479,95.268,96.713,95.093,94.86,73.019,54.354,"6,5% Tage geschätzt"
A07,6.4,Tunnel Niedernhart,300,Linz-Hummelhof - Wiener Straße,Unterweitersdorf,Kfz,47.172,53.559,55.996,53.44,52.405,38.918,30.324,Messung
A07,6.4,Tunnel Niedernhart,300,Linz-Hummelhof - Wiener Straße,Unterweitersdorf,"Kfz > 3,5t hzG",2.206,3.1,3.294,3.259,2.572,487.0,222.0,Messung
A07,6.4,Tunnel Niedernhart,300,Linz-Hummelhof - Wiener Straße,Unterweitersdorf,"Kfz <= 3,5t hzG",44.966,50.459,52.702,50.181,49.833,38.431,30.102,Messung
A07,6.4,Tunnel Niedernhart,300,Wiener Straße - Linz-Hummelhof,Kn. Linz,Kfz,40.318,46.201,47.858,46.028,45.657,33.996,23.944,"3,2% Tage geschätzt"
A07,6.4,Tunnel Niedernhart,300,Wiener Straße - Linz-Hummelhof,Kn. Linz,"Kfz > 3,5t hzG",2.207,3.102,3.59,3.272,2.369,461.0,236.0,Messung
A07,6.4,Tunnel Niedernhart,300,Wiener Straße - Linz-Hummelhof,Kn. Linz,"Kfz <= 3,5t hzG",38.111,43.099,44.268,42.756,43.288,33.535,23.708,"3,2% Tage geschätzt"
A07,6.4,Tunnel Niedernhart,300,gesamt,gesamt,Kfz,87.49,99.76,103.854,99.468,98.062,72.914,54.268,"3,2% Tage geschätzt"
A07,6.4,Tunnel Niedernhart,300,gesamt,gesamt,"Kfz > 3,5t hzG",4.413,6.202,6.884,6.531,4.941,948.0,458.0,Messung
A07,6.4,Tunnel Niedernhart,300,gesamt,gesamt,"Kfz <= 3,5t hzG",83.077,93.558,96.97,92.937,93.121,71.966,53.81,"3,2% Tage geschätzt"
A07,7.9,ASt Wiener Straße,334,Linz Wiener Straße - Linz VOEST,Unterweitersdorf,Kfz,38.991,45.342,47.169,45.602,43.571,30.524,22.404,Messung
A07,7.9,ASt Wiener Straße,334,Linz Wiener Straße - Linz VOEST,Unterweitersdorf,"Kfz > 3,5t hzG",2.242,3.153,3.365,3.31,2.62,484.0,224.0,Messung
A07,7.9,ASt Wiener Straße,334,Linz Wiener Straße - Linz VOEST,Unterweitersdorf,"Kfz <= 3,5t hzG",36.749,42.189,43.804,42.292,40.951,30.04,22.18,Messung
A07,7.9,ASt Wiener Straße,334,Linz VOEST - Linz Wiener Straße,Kn. Linz,Kfz,36.824,42.873,43.787,43.167,41.558,28.916,20.928,Messung
A07,7.9,ASt Wiener Straße,334,Linz VOEST - Linz Wiener Straße,Kn. Linz,"Kfz > 3,5t hzG",2.184,3.077,3.572,3.247,2.339,426.0,231.0,Messung
A07,7.9,ASt Wiener Straße,334,Linz VOEST - Linz Wiener Straße,Kn. Linz,"Kfz <= 3,5t hzG",34.64,39.796,40.215,39.92,39.219,28.49,20.697,Messung
A07,7.9,ASt Wiener Straße,334,gesamt,gesamt,Kfz,75.815,88.215,90.956,88.769,85.129,59.44,43.332,Messung
A07,7.9,ASt Wiener Straße,334,gesamt,gesamt,"Kfz > 3,5t hzG",4.426,6.23,6.937,6.557,4.959,910.0,455.0,Messung
A07,7.9,ASt Wiener Straße,334,gesamt,gesamt,"Kfz <= 3,5t hzG",71.389,81.985,84.019,82.212,80.17,58.53,42.877,Messung
A07,10.3,Prinz Eugenstraße,657,Linz Prinz Eugenstr. - Linz Hafenstraße,Unterweitersdorf,Kfz,31.123,35.66,36.085,35.836,34.947,25.558,18.954,Messung
A07,10.3,Prinz Eugenstraße,657,Linz Prinz Eugenstr. - Linz Hafenstraße,Unterweitersdorf,"Kfz > 3,5t hzG",1.418,1.974,2.05,2.068,1.682,378.0,168.0,Messung
A07,10.3,Prinz Eugenstraße,657,Linz Prinz Eugenstr. - Linz Hafenstraße,Unterweitersdorf,"Kfz <= 3,5t hzG",29.705,33.686,34.035,33.768,33.265,25.18,18.786,Messung
A07,10.3,Prinz Eugenstraße,657,Linz Hafenstraße - Linz Prinz Eugenstr.,Kn. Linz,Kfz,31.079,35.431,35.962,35.763,34.248,25.46,19.595,Messung
A07,10.3,Prinz Eugenstraße,657,Linz Hafenstraße - Linz Prinz Eugenstr.,Kn. Linz,"Kfz > 3,5t hzG",1.396,1.944,2.297,2.06,1.431,334.0,189.0,Messung
A07,10.3,Prinz Eugenstraße,657,Linz Hafenstraße - Linz Prinz Eugenstr.,Kn. Linz,"Kfz <= 3,5t hzG",29.683,33.487,33.665,33.703,32.817,25.126,19.406,Messung
A07,10.3,Prinz Eugenstraße,657,gesamt,gesamt,Kfz,62.202,71.091,72.047,71.599,69.195,51.018,38.549,Messung
A07,10.3,Prinz Eugenstraße,657,gesamt,gesamt,"Kfz > 3,5t hzG",2.814,3.918,4.347,4.128,3.113,712.0,357.0,Messung
A07,10.3,Prinz Eugenstraße,657,gesamt,gesamt,"Kfz <= 3,5t hzG",59.388,67.173,67.7,67.471,66.082,50.306,38.192,Messung
A07,13.6,Urfahr-Dornach,675,Linz Urfahr - Linz Dornach,Unterweitersdorf,Kfz,25.268,29.355,29.513,29.587,28.657,20.016,14.464,Messung
A07,13.6,Urfahr-Dornach,675,Linz Urfahr - Linz Dornach,Unterweitersdorf,"Kfz > 3,5t hzG",1.185,1.636,1.663,1.702,1.447,357.0,158.0,Messung
A07,13.6,Urfahr-Dornach,675,Linz Urfahr - Linz Dornach,Unterweitersdorf,"Kfz <= 3,5t hzG",24.083,27.719,27.85,27.885,27.21,19.659,14.306,Messung
A07,13.6,Urfahr-Dornach,675,Linz Dornach - Linz Urfahr,Kn. Linz,Kfz,27.375,31.537,31.177,32.069,30.369,21.335,16.833,Messung
A07,13.6,Urfahr-Dornach,675,Linz Dornach - Linz Urfahr,Kn. Linz,"Kfz > 3,5t hzG",1.199,1.659,1.984,1.755,1.212,316.0,178.0,Messung
A07,13.6,Urfahr-Dornach,675,Linz Dornach - Linz Urfahr,Kn. Linz,"Kfz <= 3,5t hzG",26.176,29.878,29.193,30.314,29.157,21.019,16.655,Messung
A07,13.6,Urfahr-Dornach,675,gesamt,gesamt,Kfz,52.643,60.892,60.69,61.656,59.026,41.351,31.297,Messung
A07,13.6,Urfahr-Dornach,675,gesamt,gesamt,"Kfz > 3,5t hzG",2.384,3.295,3.647,3.457,2.659,673.0,336.0,Messung
A07,13.6,Urfahr-Dornach,675,gesamt,gesamt,"Kfz <= 3,5t hzG",50.259,57.597,57.043,58.199,56.367,40.678,30.961,Messung
A07,20.4,Gallneukirchen,153,Treffling - Gallneukirchen,Unterweitersdorf,Kfz,18.536,21.366,20.84,21.568,21.157,14.869,11.073,"6,5% Tage geschätzt"
A07,20.4,Gallneukirchen,153,Treffling - Gallneukirchen,Unterweitersdorf,"Kfz > 3,5t hzG",1.123,1.55,1.547,1.62,1.37,341.0,150.0,Messung
A07,20.4,Gallneukirchen,153,Treffling - Gallneukirchen,Unterweitersdorf,"Kfz <= 3,5t hzG",17.413,19.816,19.293,19.948,19.787,14.528,10.923,"6,5% Tage geschätzt"
A07,20.4,Gallneukirchen,153,Gallneukirchen - Treffling,Kn. Linz,Kfz,18.828,21.758,22.133,22.041,20.799,14.786,11.267,"22,6% Tage geschätzt"
A07,20.4,Gallneukirchen,153,Gallneukirchen - Treffling,Kn. Linz,"Kfz > 3,5t hzG",1.148,1.587,1.903,1.685,1.143,302.0,173.0,Messung
A07,20.4,Gallneukirchen,153,Gallneukirchen - Treffling,Kn. Linz,"Kfz <= 3,5t hzG",17.68,20.171,20.23,20.356,19.656,14.484,11.094,"22,6% Tage geschätzt"
A07,20.4,Gallneukirchen,153,gesamt,gesamt,Kfz,37.364,43.124,42.973,43.609,41.956,29.655,22.34,"29,0% Tage geschätzt"
A07,20.4,Gallneukirchen,153,gesamt,gesamt,"Kfz > 3,5t hzG",2.271,3.137,3.45,3.305,2.513,643.0,323.0,Messung
A07,20.4,Gallneukirchen,153,gesamt,gesamt,"Kfz <= 3,5t hzG",35.093,39.987,39.523,40.304,39.443,29.012,22.017,"29,0% Tage geschätzt"
A08,2.3,Linden,606,Kn. Voralpenkreuz - Wels West,Staatsgrenze Suben,Kfz,11.5,11.788,12.808,11.717,11.362,11.358,10.584,"38,7% Tage geschätzt"
A08,2.3,Linden,606,Kn. Voralpenkreuz - Wels West,Staatsgrenze Suben,"Kfz > 3,5t hzG",1.743,2.413,3.444,2.448,1.702,608.0,157.0,Messung
A08,2.3,Linden,606,Kn. Voralpenkreuz - Wels West,Staatsgrenze Suben,"Kfz <= 3,5t hzG",9.757,9.375,9.364,9.269,9.66,10.75,10.427,"38,7% Tage geschätzt"
A08,2.3,Linden,606,Wels West - Kn. Voralpenkreuz,Kn. Voralpenkreuz,Kfz,9.665,10.993,10.058,10.969,11.619,9.159,5.354,"25,8% Tage geschätzt"
A08,2.3,Linden,606,Wels West - Kn. Voralpenkreuz,Kn. Voralpenkreuz,"Kfz > 3,5t hzG",1.807,2.394,2.057,2.496,2.329,1.13,203.0,Messung
A08,2.3,Linden,606,Wels West - Kn. Voralpenkreuz,Kn. Voralpenkreuz,"Kfz <= 3,5t hzG",7.858,8.599,8.001,8.473,9.29,8.029,5.151,"25,8% Tage geschätzt"
A08,2.3,Linden,606,gesamt,gesamt,Kfz,21.165,22.781,22.866,22.686,22.981,20.517,15.938,"38,7% Tage geschätzt"
A08,2.3,Linden,606,gesamt,gesamt,"Kfz > 3,5t hzG",3.55,4.807,5.501,4.944,4.031,1.738,360.0,Messung
A08,2.3,Linden,606,gesamt,gesamt,"Kfz <= 3,5t hzG",17.615,17.974,17.365,17.742,18.95,18.779,15.578,"38,7% Tage geschätzt"
A08,12.9,Hof,491,Wels West - Kn. Wels,Staatsgrenze Suben,Kfz,18.188,19.656,20.595,19.465,19.59,17.135,13.752,Messung
A08,12.9,Hof,491,Wels West - Kn. Wels,Staatsgrenze Suben,"Kfz > 3,5t hzG",2.427,3.375,4.58,3.449,2.461,764.0,216.0,Messung
A08,12.9,Hof,491,Wels West - Kn. Wels,Staatsgrenze Suben,"Kfz <= 3,5t hzG",15.761,16.281,16.015,16.016,17.129,16.371,13.536,Messung
A08,12.9,Hof,491,Kn. Wels - Wels West,Kn. Voralpenkreuz,Kfz,16.413,18.949,18.183,18.913,19.5,14.592,8.754,Messung
A08,12.9,Hof,491,Kn. Wels - Wels West,Kn. Voralpenkreuz,"Kfz > 3,5t hzG",2.432,3.278,2.99,3.397,3.14,1.27,249.0,Messung
A08,12.9,Hof,491,Kn. Wels - Wels West,Kn. Voralpenkreuz,"Kfz <= 3,5t hzG",13.981,15.671,15.193,15.516,16.36,13.322,8.505,Messung
A08,12.9,Hof,491,gesamt,gesamt,Kfz,34.601,38.605,38.778,38.378,39.09,31.727,22.506,Messung
A08,12.9,Hof,491,gesamt,gesamt,"Kfz > 3,5t hzG",4.859,6.653,7.57,6.846,5.601,2.034,465.0,Messung
A08,12.9,Hof,491,gesamt,gesamt,"Kfz <= 3,5t hzG",29.742,31.952,31.208,31.532,33.489,29.693,22.041,Messung
A08,17.7,Krenglbach,162,Kn. Wels - Pichl/Bad Schallerbach,Staatsgrenze Suben,Kfz,28.434,27.402,28.627,26.904,27.963,31.263,30.16,Messung
A08,17.7,Krenglbach,162,Kn. Wels - Pichl/Bad Schallerbach,Staatsgrenze Suben,"Kfz > 3,5t hzG",4.933,6.726,9.049,6.998,4.623,2.273,429.0,Messung
A08,17.7,Krenglbach,162,Kn. Wels - Pichl/Bad Schallerbach,Staatsgrenze Suben,"Kfz <= 3,5t hzG",23.501,20.676,19.578,19.906,23.34,28.99,29.731,Messung
A08,17.7,Krenglbach,162,Pichl/Bad Schallerbach - Kn. Wels,Kn. Voralpenkreuz,Kfz,22.967,25.958,23.09,25.741,28.241,21.013,13.801,Messung
A08,17.7,Krenglbach,162,Pichl/Bad Schallerbach - Kn. Wels,Kn. Voralpenkreuz,"Kfz > 3,5t hzG",5.038,6.695,5.402,7.051,6.546,3.189,473.0,Messung
A08,17.7,Krenglbach,162,Pichl/Bad Schallerbach - Kn. Wels,Kn. Voralpenkreuz,"Kfz <= 3,5t hzG",17.929,19.263,17.688,18.69,21.695,17.824,13.328,Messung
A08,17.7,Krenglbach,162,gesamt,gesamt,Kfz,51.401,53.36,51.717,52.645,56.204,52.276,43.961,Messung
A08,17.7,Krenglbach,162,gesamt,gesamt,"Kfz > 3,5t hzG",9.971,13.421,14.451,14.049,11.169,5.462,902.0,Messung
A08,17.7,Krenglbach,162,gesamt,gesamt,"Kfz <= 3,5t hzG",41.43,39.939,37.266,38.596,45.035,46.814,43.059,Messung
A08,21.8,Pichl/Bad Schallerbach,169,Pichl/Bad Schallerbach - Meggenhofen,Staatsgrenze Suben,Kfz,23.25,21.825,23.576,21.386,21.916,25.092,27.011,"64,5% Tage geschätzt"
A08,21.8,Pichl/Bad Schallerbach,169,Pichl/Bad Schallerbach - Meggenhofen,Staatsgrenze Suben,"Kfz > 3,5t hzG",4.658,6.332,8.587,6.581,4.333,2.24,410.0,Messung
A08,21.8,Pichl/Bad Schallerbach,169,Pichl/Bad Schallerbach - Meggenhofen,Staatsgrenze Suben,"Kfz <= 3,5t hzG",18.592,15.493,14.989,14.805,17.583,22.852,26.601,"64,5% Tage geschätzt"
A08,21.8,Pichl/Bad Schallerbach,169,Meggenhofen - Pichl/Bad Schallerbach,Kn. Voralpenkreuz,Kfz,18.411,20.667,17.809,20.355,23.194,17.07,11.41,"64,5% Tage geschätzt"
A08,21.8,Pichl/Bad Schallerbach,169,Meggenhofen - Pichl/Bad Schallerbach,Kn. Voralpenkreuz,"Kfz > 3,5t hzG",4.719,6.242,4.88,6.57,6.206,3.133,446.0,Messung
A08,21.8,Pichl/Bad Schallerbach,169,Meggenhofen - Pichl/Bad Schallerbach,Kn. Voralpenkreuz,"Kfz <= 3,5t hzG",13.692,14.425,12.929,13.785,16.988,13.937,10.964,"64,5% Tage geschätzt"
A08,21.8,Pichl/Bad Schallerbach,169,gesamt,gesamt,Kfz,41.661,42.492,41.385,41.741,45.11,42.162,38.421,"64,5% Tage geschätzt"
A08,21.8,Pichl/Bad Schallerbach,169,gesamt,gesamt,"Kfz > 3,5t hzG",9.377,12.574,13.467,13.151,10.539,5.373,856.0,Messung
A08,21.8,Pichl/Bad Schallerbach,169,gesamt,gesamt,"Kfz <= 3,5t hzG",32.284,29.918,27.918,28.59,34.571,36.789,37.565,"64,5% Tage geschätzt"
A08,37.4,Niederndorf,611,Meggenhofen - Haag am Hausruck,Staatsgrenze Suben,Kfz,21.644,19.962,21.174,19.462,20.536,25.043,25.262,Messung
A08,37.4,Niederndorf,611,Meggenhofen - Haag am Hausruck,Staatsgrenze Suben,"Kfz > 3,5t hzG",4.64,6.295,8.445,6.562,4.31,2.309,402.0,Messung
A08,37.4,Niederndorf,611,Meggenhofen - Haag am Hausruck,Staatsgrenze Suben,"Kfz <= 3,5t hzG",17.004,13.667,12.729,12.9,16.226,22.734,24.86,Messung
A08,37.4,Niederndorf,611,Haag am Hausruck - Meggenhofen,Kn. Voralpenkreuz,Kfz,15.803,17.871,15.136,17.687,19.991,14.702,9.3,Messung
A08,37.4,Niederndorf,611,Haag am Hausruck - Meggenhofen,Kn. Voralpenkreuz,"Kfz > 3,5t hzG",4.743,6.269,4.886,6.599,6.24,3.161,459.0,Messung
A08,37.4,Niederndorf,611,Haag am Hausruck - Meggenhofen,Kn. Voralpenkreuz,"Kfz <= 3,5t hzG",11.06,11.602,10.25,11.088,13.751,11.541,8.841,Messung
A08,37.4,Niederndorf,611,gesamt,gesamt,Kfz,37.447,37.833,36.31,37.149,40.527,39.745,34.562,Messung
A08,37.4,Niederndorf,611,gesamt,gesamt,"Kfz > 3,5t hzG",9.383,12.564,13.331,13.161,10.55,5.47,861.0,Messung
A08,37.4,Niederndorf,611,gesamt,gesamt,"Kfz <= 3,5t hzG",28.064,25.269,22.979,23.988,29.977,34.275,33.701,Messung
A08,48.7,Manhartsgrub,174,Haag am Hausruck - Ried im Innkreis,Staatsgrenze Suben,Kfz,21.1,18.888,19.916,18.334,19.712,25.217,26.098,Messung
A08,48.7,Manhartsgrub,174,Haag am Hausruck - Ried im Innkreis,Staatsgrenze Suben,"Kfz > 3,5t hzG",4.556,6.171,8.272,6.439,4.214,2.318,397.0,Messung
A08,48.7,Manhartsgrub,174,Haag am Hausruck - Ried im Innkreis,Staatsgrenze Suben,"Kfz <= 3,5t hzG",16.544,12.717,11.644,11.895,15.498,22.899,25.701,Messung
A08,48.7,Manhartsgrub,174,Ried im Innkreis - Haag am Hausruck,Kn. Voralpenkreuz,Kfz,14.908,16.676,13.591,16.433,19.159,14.204,9.187,Messung
A08,48.7,Manhartsgrub,174,Ried im Innkreis - Haag am Hausruck,Kn. Voralpenkreuz,"Kfz > 3,5t hzG",4.693,6.193,4.733,6.538,6.171,3.178,455.0,Messung
A08,48.7,Manhartsgrub,174,Ried im Innkreis - Haag am Hausruck,Kn. Voralpenkreuz,"Kfz <= 3,5t hzG",10.215,10.483,8.858,9.895,12.988,11.026,8.732,Messung
A08,48.7,Manhartsgrub,174,gesamt,gesamt,Kfz,36.008,35.564,33.507,34.767,38.871,39.421,35.285,Messung
A08,48.7,Manhartsgrub,174,gesamt,gesamt,"Kfz > 3,5t hzG",9.249,12.364,13.005,12.977,10.385,5.496,852.0,Messung
A08,48.7,Manhartsgrub,174,gesamt,gesamt,"Kfz <= 3,5t hzG",26.759,23.2,20.502,21.79,28.486,33.925,34.433,Messung
A08,60.2,Hötzlarn,180,Ried im Innkreis - Ort im Innkreis,Staatsgrenze Suben,Kfz,20.898,18.771,19.838,18.236,19.523,24.963,25.634,Messung
A08,60.2,Hötzlarn,180,Ried im Innkreis - Ort im Innkreis,Staatsgrenze Suben,"Kfz > 3,5t hzG",4.609,6.237,8.319,6.514,4.27,2.374,399.0,Messung
A08,60.2,Hötzlarn,180,Ried im Innkreis - Ort im Innkreis,Staatsgrenze Suben,"Kfz <= 3,5t hzG",16.289,12.534,11.519,11.722,15.253,22.589,25.235,Messung
A08,60.2,Hötzlarn,180,Ort im Innkreis - Ried im Innkreis,Kn. Voralpenkreuz,Kfz,14.992,16.835,13.844,16.614,19.205,14.215,9.059,"6,5% Tage geschätzt"
A08,60.2,Hötzlarn,180,Ort im Innkreis - Ried im Innkreis,Kn. Voralpenkreuz,"Kfz > 3,5t hzG",4.764,6.293,4.855,6.652,6.224,3.189,462.0,Messung
A08,60.2,Hötzlarn,180,Ort im Innkreis - Ried im Innkreis,Kn. Voralpenkreuz,"Kfz <= 3,5t hzG",10.228,10.542,8.989,9.962,12.981,11.026,8.597,"6,5% Tage geschätzt"
A08,60.2,Hötzlarn,180,gesamt,gesamt,Kfz,35.89,35.606,33.682,34.85,38.728,39.178,34.693,"6,5% Tage geschätzt"
A08,60.2,Hötzlarn,180,gesamt,gesamt,"Kfz > 3,5t hzG",9.373,12.53,13.174,13.166,10.494,5.563,861.0,Messung
A08,60.2,Hötzlarn,180,gesamt,gesamt,"Kfz <= 3,5t hzG",26.517,23.076,20.508,21.684,28.234,33.615,33.832,"6,5% Tage geschätzt"
A08,70.1,Bach,186,Ort im Innkreis - Schärding Suben,Staatsgrenze Suben,Kfz,15.529,14.374,15.253,14.05,14.688,18.626,17.509,"67,7% Tage geschätzt"
A08,70.1,Bach,186,Ort im Innkreis - Schärding Suben,Staatsgrenze Suben,"Kfz > 3,5t hzG",4.181,5.64,7.571,5.893,3.825,2.292,333.0,Messung
A08,70.1,Bach,186,Ort im Innkreis - Schärding Suben,Staatsgrenze Suben,"Kfz <= 3,5t hzG",11.348,8.734,7.682,8.157,10.863,16.334,17.176,"67,7% Tage geschätzt"
A08,70.1,Bach,186,Schärding Suben - Ort im Innkreis,Kn. Voralpenkreuz,Kfz,11.302,12.854,10.488,12.809,14.389,10.862,6.166,"67,7% Tage geschätzt"
A08,70.1,Bach,186,Schärding Suben - Ort im Innkreis,Kn. Voralpenkreuz,"Kfz > 3,5t hzG",4.286,5.636,4.223,5.955,5.652,3.009,413.0,Messung
A08,70.1,Bach,186,Schärding Suben - Ort im Innkreis,Kn. Voralpenkreuz,"Kfz <= 3,5t hzG",7.016,7.218,6.265,6.854,8.737,7.853,5.753,"67,7% Tage geschätzt"
A08,70.1,Bach,186,gesamt,gesamt,Kfz,26.831,27.228,25.741,26.859,29.077,29.488,23.675,"67,7% Tage geschätzt"
A08,70.1,Bach,186,gesamt,gesamt,"Kfz > 3,5t hzG",8.467,11.276,11.794,11.848,9.477,5.301,746.0,Messung
A08,70.1,Bach,186,gesamt,gesamt,"Kfz <= 3,5t hzG",18.364,15.952,13.947,15.011,19.6,24.187,22.929,"67,7% Tage geschätzt"
A08,74.3,Suben,194,Schärding Suben - Staatsgrenze Suben,Staatsgrenze Suben,Kfz,15.977,14.438,15.069,14.027,15.126,20.364,18.439,"25,8% Tage geschätzt"
A08,74.3,Suben,194,Schärding Suben - Staatsgrenze Suben,Staatsgrenze Suben,"Kfz > 3,5t hzG",4.181,5.622,7.35,5.906,3.847,2.374,340.0,Messung
A08,74.3,Suben,194,Schärding Suben - Staatsgrenze Suben,Staatsgrenze Suben,"Kfz <= 3,5t hzG",11.796,8.816,7.719,8.121,11.279,17.99,18.099,"25,8% Tage geschätzt"
A08,74.3,Suben,194,Staatsgrenze Suben - Schärding Suben,Kn. Voralpenkreuz,Kfz,10.533,11.936,9.503,11.961,13.332,10.297,5.782,"74,2% Tage geschätzt"
A08,74.3,Suben,194,Staatsgrenze Suben - Schärding Suben,Kn. Voralpenkreuz,"Kfz > 3,5t hzG",4.336,5.691,4.176,6.031,5.715,3.099,421.0,Messung
A08,74.3,Suben,194,Staatsgrenze Suben - Schärding Suben,Kn. Voralpenkreuz,"Kfz <= 3,5t hzG",6.197,6.245,5.327,5.93,7.617,7.198,5.361,"74,2% Tage geschätzt"
A08,74.3,Suben,194,gesamt,gesamt,Kfz,26.51,26.374,24.572,25.988,28.458,30.661,24.221,"74,2% Tage geschätzt"
A08,74.3,Suben,194,gesamt,gesamt,"Kfz > 3,5t hzG",8.517,11.313,11.526,11.937,9.562,5.473,761.0,Messung
A08,74.3,Suben,194,gesamt,gesamt,"Kfz <= 3,5t hzG",17.993,15.061,13.046,14.051,18.896,25.188,23.46,"74,2% Tage geschätzt"
A09,3.1,Schölldorf,201,Kn. Voralpenkreuz - Ried im Traunkreis,Staatsgrenze Spielfeld,Kfz,13.114,14.224,12.306,13.943,16.107,13.569,8.923,"6,5% Tage geschätzt"
A09,3.1,Schölldorf,201,Kn. Voralpenkreuz - Ried im Traunkreis,Staatsgrenze Spielfeld,"Kfz > 3,5t hzG",2.119,2.812,2.42,2.917,2.772,1.296,246.0,Messung
A09,3.1,Schölldorf,201,Kn. Voralpenkreuz - Ried im Traunkreis,Staatsgrenze Spielfeld,"Kfz <= 3,5t hzG",10.995,11.412,9.886,11.026,13.335,12.273,8.677,"6,5% Tage geschätzt"
A09,3.1,Schölldorf,201,Ried im Traunkreis - Kn. Voralpenkreuz,Kn. Voralpenkreuz,Kfz,15.161,14.742,15.762,14.547,14.638,15.974,16.083,"19,4% Tage geschätzt"
A09,3.1,Schölldorf,201,Ried im Traunkreis - Kn. Voralpenkreuz,Kn. Voralpenkreuz,"Kfz > 3,5t hzG",2.059,2.841,4.111,2.895,1.939,710.0,224.0,Messung
A09,3.1,Schölldorf,201,Ried im Traunkreis - Kn. Voralpenkreuz,Kn. Voralpenkreuz,"Kfz <= 3,5t hzG",13.102,11.901,11.651,11.652,12.699,15.264,15.859,"19,4% Tage geschätzt"
A09,3.1,Schölldorf,201,gesamt,gesamt,Kfz,28.275,28.966,28.068,28.49,30.745,29.543,25.006,"19,4% Tage geschätzt"
A09,3.1,Schölldorf,201,gesamt,gesamt,"Kfz > 3,5t hzG",4.178,5.653,6.531,5.812,4.711,2.006,470.0,Messung
A09,3.1,Schölldorf,201,gesamt,gesamt,"Kfz <= 3,5t hzG",24.097,23.313,21.537,22.678,26.034,27.537,24.536,"19,4% Tage geschätzt"
A09,10.1,Auern,207,Ried im Traunkreis - Inzersdorf Kirchd.,Staatsgrenze Spielfeld,Kfz,11.333,12.285,10.271,11.983,14.282,11.728,7.735,"41,9% Tage geschätzt"
A09,10.1,Auern,207,Ried im Traunkreis - Inzersdorf Kirchd.,Staatsgrenze Spielfeld,"Kfz > 3,5t hzG",2.042,2.702,2.289,2.801,2.691,1.285,236.0,Messung
A09,10.1,Auern,207,Ried im Traunkreis - Inzersdorf Kirchd.,Staatsgrenze Spielfeld,"Kfz <= 3,5t hzG",9.291,9.583,7.982,9.182,11.591,10.443,7.499,"41,9% Tage geschätzt"
A09,10.1,Auern,207,Inzersdorf Kirchd. - Ried im Traunkreis,Kn. Voralpenkreuz,Kfz,13.041,12.445,13.757,12.194,12.311,13.655,14.716,"41,9% Tage geschätzt"
A09,10.1,Auern,207,Inzersdorf Kirchd. - Ried im Traunkreis,Kn. Voralpenkreuz,"Kfz > 3,5t hzG",1.992,2.745,3.996,2.796,1.86,701.0,216.0,Messung
A09,10.1,Auern,207,Inzersdorf Kirchd. - Ried im Traunkreis,Kn. Voralpenkreuz,"Kfz <= 3,5t hzG",11.049,9.7,9.761,9.398,10.451,12.954,14.5,"41,9% Tage geschätzt"
A09,10.1,Auern,207,gesamt,gesamt,Kfz,24.374,24.73,24.028,24.177,26.593,25.383,22.451,"41,9% Tage geschätzt"
A09,10.1,Auern,207,gesamt,gesamt,"Kfz > 3,5t hzG",4.034,5.447,6.285,5.597,4.551,1.986,452.0,Messung
A09,10.1,Auern,207,gesamt,gesamt,"Kfz <= 3,5t hzG",20.34,19.283,17.743,18.58,22.042,23.397,21.999,"41,9% Tage geschätzt"
A09,19.4,Tunnel Ottsdorf,27,Inzersdorf Kirchdorf - Klaus,Staatsgrenze Spielfeld,Kfz,-1.0,-1.0,-1.0,-1.0,-1.0,-1.0,-1.0,Ausfall
A09,19.4,Tunnel Ottsdorf,27,Inzersdorf Kirchdorf - Klaus,Staatsgrenze Spielfeld,"Kfz > 3,5t hzG",1.938,2.556,2.154,2.63,2.604,1.266,222.0,Messung
A09,19.4,Tunnel Ottsdorf,27,Inzersdorf Kirchdorf - Klaus,Staatsgrenze Spielfeld,"Kfz <= 3,5t hzG",-1.0,-1.0,-1.0,-1.0,-1.0,-1.0,-1.0,Ausfall
A09,19.4,Tunnel Ottsdorf,27,Klaus - Inzersdorf Kirchdorf,Kn. Voralpenkreuz,Kfz,-1.0,-1.0,-1.0,-1.0,-1.0,-1.0,-1.0,Ausfall
A09,19.4,Tunnel Ottsdorf,27,Klaus - Inzersdorf Kirchdorf,Kn. Voralpenkreuz,"Kfz > 3,5t hzG",1.883,2.596,3.857,2.623,1.768,665.0,199.0,Messung
A09,19.4,Tunnel Ottsdorf,27,Klaus - Inzersdorf Kirchdorf,Kn. Voralpenkreuz,"Kfz <= 3,5t hzG",-1.0,-1.0,-1.0,-1.0,-1.0,-1.0,-1.0,Ausfall
A09,19.4,Tunnel Ottsdorf,27,gesamt,gesamt,Kfz,-1.0,-1.0,-1.0,-1.0,-1.0,-1.0,-1.0,Ausfall
A09,19.4,Tunnel Ottsdorf,27,gesamt,gesamt,"Kfz > 3,5t hzG",3.821,5.152,6.011,5.253,4.372,1.931,421.0,Messung
A09,19.4,Tunnel Ottsdorf,27,gesamt,gesamt,"Kfz <= 3,5t hzG",-1.0,-1.0,-1.0,-1.0,-1.0,-1.0,-1.0,Ausfall
A09,31.0,Klaus an der Pyhrnbahn,213,Klaus - St. Pankraz,Staatsgrenze Spielfeld,Kfz,10.153,10.77,8.679,10.386,13.025,11.16,7.322,Messung
A09,31.0,Klaus an der Pyhrnbahn,213,Klaus - St. Pankraz,Staatsgrenze Spielfeld,"Kfz > 3,5t hzG",2.013,2.659,2.238,2.747,2.683,1.297,227.0,Messung
A09,31.0,Klaus an der Pyhrnbahn,213,Klaus - St. Pankraz,Staatsgrenze Spielfeld,"Kfz <= 3,5t hzG",8.14,8.111,6.441,7.639,10.342,9.863,7.095,Messung
A09,31.0,Klaus an der Pyhrnbahn,213,St. Pankraz - Klaus,Kn. Voralpenkreuz,Kfz,12.525,11.669,12.924,11.385,11.654,13.347,14.973,"38,7% Tage geschätzt"
A09,31.0,Klaus an der Pyhrnbahn,213,St. Pankraz - Klaus,Kn. Voralpenkreuz,"Kfz > 3,5t hzG",1.94,2.674,3.941,2.718,1.798,680.0,214.0,Messung
A09,31.0,Klaus an der Pyhrnbahn,213,St. Pankraz - Klaus,Kn. Voralpenkreuz,"Kfz <= 3,5t hzG",10.585,8.995,8.983,8.667,9.856,12.667,14.759,"38,7% Tage geschätzt"
A09,31.0,Klaus an der Pyhrnbahn,213,gesamt,gesamt,Kfz,22.678,22.439,21.603,21.771,24.679,24.507,22.295,"38,7% Tage geschätzt"
A09,31.0,Klaus an der Pyhrnbahn,213,gesamt,gesamt,"Kfz > 3,5t hzG",3.953,5.333,6.179,5.465,4.481,1.977,441.0,Messung
A09,31.0,Klaus an der Pyhrnbahn,213,gesamt,gesamt,"Kfz <= 3,5t hzG",18.725,17.106,15.424,16.306,20.198,22.53,21.854,"38,7% Tage geschätzt"
A09,43.8,Lainbergtunnel,217,St. Pankratz - Roßleiten Windischgarsten,Staatsgrenze Spielfeld,Kfz,9.279,9.959,8.126,9.592,12.016,10.016,6.405,Messung
A09,43.8,Lainbergtunnel,217,St. Pankratz - Roßleiten Windischgarsten,Staatsgrenze Spielfeld,"Kfz > 3,5t hzG",1.991,2.626,2.233,2.717,2.627,1.307,222.0,Messung
A09,43.8,Lainbergtunnel,217,St. Pankratz - Roßleiten Windischgarsten,Staatsgrenze Spielfeld,"Kfz <= 3,5t hzG",7.288,7.333,5.893,6.875,9.389,8.709,6.183,Messung
A09,43.8,Lainbergtunnel,217,Roßleiten Windischgarsten - St. Pankratz,Kn. Voralpenkreuz,Kfz,10.804,10.202,11.542,9.917,10.14,11.061,12.741,"3,2% Tage geschätzt"
A09,43.8,Lainbergtunnel,217,Roßleiten Windischgarsten - St. Pankratz,Kn. Voralpenkreuz,"Kfz > 3,5t hzG",1.944,2.684,4.019,2.724,1.778,655.0,215.0,Messung
A09,43.8,Lainbergtunnel,217,Roßleiten Windischgarsten - St. Pankratz,Kn. Voralpenkreuz,"Kfz <= 3,5t hzG",8.86,7.518,7.523,7.193,8.362,10.406,12.526,"3,2% Tage geschätzt"
A09,43.8,Lainbergtunnel,217,gesamt,gesamt,Kfz,20.083,20.161,19.668,19.509,22.156,21.077,19.146,"3,2% Tage geschätzt"
A09,43.8,Lainbergtunnel,217,gesamt,gesamt,"Kfz > 3,5t hzG",3.935,5.31,6.252,5.441,4.405,1.962,437.0,Messung
A09,43.8,Lainbergtunnel,217,gesamt,gesamt,"Kfz <= 3,5t hzG",16.148,14.851,13.416,14.068,17.751,19.115,18.709,"3,2% Tage geschätzt"
A09,54.0,Spital Am Pyhrn,223,Gleinkerau - Spital am Pyhrn,Staatsgrenze Spielfeld,Kfz,8.682,9.324,7.506,8.966,11.348,9.335,5.998,Messung
A09,54.0,Spital Am Pyhrn,223,Gleinkerau - Spital am Pyhrn,Staatsgrenze Spielfeld,"Kfz > 3,5t hzG",1.994,2.631,2.201,2.703,2.702,1.314,219.0,Messung
A09,54.0,Spital Am Pyhrn,223,Gleinkerau - Spital am Pyhrn,Staatsgrenze Spielfeld,"Kfz <= 3,5t hzG",6.688,6.693,5.305,6.263,8.646,8.021,5.779,Messung
A09,54.0,Spital Am Pyhrn,223,Spital am Pyhrn - Gleinkerau,Kn. Voralpenkreuz,Kfz,10.911,9.924,11.219,9.62,9.937,11.856,13.733,Messung
A09,54.0,Spital Am Pyhrn,223,Spital am Pyhrn - Gleinkerau,Kn. Voralpenkreuz,"Kfz > 3,5t hzG",1.94,2.672,3.979,2.703,1.806,662.0,229.0,Messung
A09,54.0,Spital Am Pyhrn,223,Spital am Pyhrn - Gleinkerau,Kn. Voralpenkreuz,"Kfz <= 3,5t hzG",8.971,7.252,7.24,6.917,8.131,11.194,13.504,Messung
A09,54.0,Spital Am Pyhrn,223,gesamt,gesamt,Kfz,19.593,19.248,18.725,18.586,21.285,21.191,19.731,Messung
A09,54.0,Spital Am Pyhrn,223,gesamt,gesamt,"Kfz > 3,5t hzG",3.934,5.303,6.18,5.406,4.508,1.976,448.0,Messung
A09,54.0,Spital Am Pyhrn,223,gesamt,gesamt,"Kfz <= 3,5t hzG",15.659,13.945,12.545,13.18,16.777,19.215,19.283,Messung
A09,57.8,Bosrucktunnel,6097,Spital am Pyhrn - Ardning / Admont,Staatsgrenze Spielfeld,Kfz,7.742,8.62,6.94,8.326,10.391,7.315,4.956,Messung
A09,57.8,Bosrucktunnel,6097,Spital am Pyhrn - Ardning / Admont,Staatsgrenze Spielfeld,"Kfz > 3,5t hzG",1.986,2.618,2.172,2.684,2.716,1.309,221.0,Messung
A09,57.8,Bosrucktunnel,6097,Spital am Pyhrn - Ardning / Admont,Staatsgrenze Spielfeld,"Kfz <= 3,5t hzG",5.756,6.002,4.768,5.642,7.675,6.006,4.735,Messung
A09,57.8,Bosrucktunnel,6097,Ardning / Admont - Spital am Pyhrn,Kn. Voralpenkreuz,Kfz,9.875,9.252,10.535,8.949,9.269,10.097,11.911,Messung
A09,57.8,Bosrucktunnel,6097,Ardning / Admont - Spital am Pyhrn,Kn. Voralpenkreuz,"Kfz > 3,5t hzG",1.939,2.674,4.045,2.697,1.79,616.0,247.0,Messung
A09,57.8,Bosrucktunnel,6097,Ardning / Admont - Spital am Pyhrn,Kn. Voralpenkreuz,"Kfz <= 3,5t hzG",7.936,6.578,6.49,6.252,7.479,9.481,11.664,Messung
A09,57.8,Bosrucktunnel,6097,gesamt,gesamt,Kfz,17.617,17.872,17.475,17.275,19.66,17.412,16.867,Messung
A09,57.8,Bosrucktunnel,6097,gesamt,gesamt,"Kfz > 3,5t hzG",3.925,5.292,6.217,5.381,4.506,1.925,468.0,Messung
A09,57.8,Bosrucktunnel,6097,gesamt,gesamt,"Kfz <= 3,5t hzG",13.692,12.58,11.258,11.894,15.154,15.487,16.399,Messung
A09,71.9,Selzthaltunnel,402,Liezen - Rottenmann,Staatsgrenze Spielfeld,Kfz,13.443,14.219,12.34,13.932,16.095,12.445,11.392,Messung
A09,71.9,Selzthaltunnel,402,Liezen - Rottenmann,Staatsgrenze Spielfeld,"Kfz > 3,5t hzG",2.157,2.861,2.421,2.925,2.958,1.327,248.0,Messung
A09,71.9,Selzthaltunnel,402,Liezen - Rottenmann,Staatsgrenze Spielfeld,"Kfz <= 3,5t hzG",11.286,11.358,9.919,11.007,13.137,11.118,11.144,Messung
A09,71.9,Selzthaltunnel,402,Rottenmann - Liezen,Kn. Voralpenkreuz,Kfz,16.098,15.911,17.112,15.198,17.044,16.409,16.544,Messung
A09,71.9,Selzthaltunnel,402,Rottenmann - Liezen,Kn. Voralpenkreuz,"Kfz > 3,5t hzG",2.104,2.905,4.369,2.937,1.945,619.0,289.0,Messung
A09,71.9,Selzthaltunnel,402,Rottenmann - Liezen,Kn. Voralpenkreuz,"Kfz <= 3,5t hzG",13.994,13.006,12.743,12.261,15.099,15.79,16.255,Messung
A09,71.9,Selzthaltunnel,402,gesamt,gesamt,Kfz,29.541,30.13,29.452,29.13,33.139,28.854,27.936,Messung
A09,71.9,Selzthaltunnel,402,gesamt,gesamt,"Kfz > 3,5t hzG",4.261,5.766,6.79,5.862,4.903,1.946,537.0,Messung
A09,71.9,Selzthaltunnel,402,gesamt,gesamt,"Kfz <= 3,5t hzG",25.28,24.364,22.662,23.268,28.236,26.908,27.399,Messung
A09,90.4,Schattenberg,408,Trieben - Treglwang,Staatsgrenze Spielfeld,Kfz,10.942,11.105,9.166,10.794,13.076,10.431,10.713,"12,9% Tage geschätzt"
A09,90.4,Schattenberg,408,Trieben - Treglwang,Staatsgrenze Spielfeld,"Kfz > 3,5t hzG",2.102,2.784,2.334,2.838,2.914,1.33,232.0,Messung
A09,90.4,Schattenberg,408,Trieben - Treglwang,Staatsgrenze Spielfeld,"Kfz <= 3,5t hzG",8.84,8.321,6.832,7.956,10.162,9.101,10.481,"12,9% Tage geschätzt"
A09,90.4,Schattenberg,408,Treglwang - Trieben,Kn. Voralpenkreuz,Kfz,13.161,12.618,13.384,11.96,13.87,13.885,14.577,"12,9% Tage geschätzt"
A09,90.4,Schattenberg,408,Treglwang - Trieben,Kn. Voralpenkreuz,"Kfz > 3,5t hzG",2.053,2.831,4.284,2.86,1.884,602.0,295.0,Messung
A09,90.4,Schattenberg,408,Treglwang - Trieben,Kn. Voralpenkreuz,"Kfz <= 3,5t hzG",11.108,9.787,9.1,9.1,11.986,13.283,14.282,"12,9% Tage geschätzt"
A09,90.4,Schattenberg,408,gesamt,gesamt,Kfz,24.103,23.723,22.55,22.754,26.946,24.316,25.29,"12,9% Tage geschätzt"
A09,90.4,Schattenberg,408,gesamt,gesamt,"Kfz > 3,5t hzG",4.155,5.615,6.618,5.698,4.798,1.932,527.0,Messung
A09,90.4,Schattenberg,408,gesamt,gesamt,"Kfz <= 3,5t hzG",19.948,18.108,15.932,17.056,22.148,22.384,24.763,"12,9% Tage geschätzt"
A09,101.1,Schoberpaß,414,Treglwang - Kalwang,Staatsgrenze Spielfeld,Kfz,11.183,11.362,9.73,11.005,13.268,10.775,10.831,"54,8% Tage geschätzt"
A09,101.1,Schoberpaß,414,Treglwang - Kalwang,Staatsgrenze Spielfeld,"Kfz > 3,5t hzG",2.128,2.821,2.362,2.878,2.947,1.341,227.0,Messung
A09,101.1,Schoberpaß,414,Treglwang - Kalwang,Staatsgrenze Spielfeld,"Kfz <= 3,5t hzG",9.055,8.541,7.368,8.127,10.321,9.434,10.604,"54,8% Tage geschätzt"
A09,101.1,Schoberpaß,414,Kalwang - Treglwang,Kn. Voralpenkreuz,Kfz,13.969,13.51,14.646,12.828,14.601,14.499,15.22,Messung
A09,101.1,Schoberpaß,414,Kalwang - Treglwang,Kn. Voralpenkreuz,"Kfz > 3,5t hzG",2.084,2.88,4.376,2.911,1.902,578.0,300.0,Messung
A09,101.1,Schoberpaß,414,Kalwang - Treglwang,Kn. Voralpenkreuz,"Kfz <= 3,5t hzG",11.885,10.63,10.27,9.917,12.699,13.921,14.92,Messung
A09,101.1,Schoberpaß,414,gesamt,gesamt,Kfz,25.152,24.872,24.376,23.833,27.869,25.274,26.051,"54,8% Tage geschätzt"
A09,101.1,Schoberpaß,414,gesamt,gesamt,"Kfz > 3,5t hzG",4.212,5.701,6.738,5.789,4.849,1.919,527.0,Messung
A09,101.1,Schoberpaß,414,gesamt,gesamt,"Kfz <= 3,5t hzG",20.94,19.171,17.638,18.044,23.02,23.355,25.524,"54,8% Tage geschätzt"
A09,111.6,Liesingau,420,Kalwang - Mautern,Staatsgrenze Spielfeld,Kfz,-1.0,-1.0,-1.0,-1.0,-1.0,-1.0,-1.0,Ausfall
A09,111.6,Liesingau,420,Kalwang - Mautern,Staatsgrenze Spielfeld,"Kfz > 3,5t hzG",2.134,2.83,2.374,2.88,2.973,1.348,223.0,Messung
A09,111.6,Liesingau,420,Kalwang - Mautern,Staatsgrenze Spielfeld,"Kfz <= 3,5t hzG",-1.0,-1.0,-1.0,-1.0,-1.0,-1.0,-1.0,Ausfall
A09,111.6,Liesingau,420,Mautern - Kalwang,Kn. Voralpenkreuz,Kfz,-1.0,-1.0,-1.0,-1.0,-1.0,-1.0,-1.0,Ausfall
A09,111.6,Liesingau,420,Mautern - Kalwang,Kn. Voralpenkreuz,"Kfz > 3,5t hzG",2.091,2.887,4.405,2.918,1.896,578.0,310.0,Messung
A09,111.6,Liesingau,420,Mautern - Kalwang,Kn. Voralpenkreuz,"Kfz <= 3,5t hzG",-1.0,-1.0,-1.0,-1.0,-1.0,-1.0,-1.0,Ausfall
A09,111.6,Liesingau,420,gesamt,gesamt,Kfz,-1.0,-1.0,-1.0,-1.0,-1.0,-1.0,-1.0,Ausfall
A09,111.6,Liesingau,420,gesamt,gesamt,"Kfz > 3,5t hzG",4.225,5.717,6.779,5.798,4.869,1.926,533.0,Messung
A09,111.6,Liesingau,420,gesamt,gesamt,"Kfz <= 3,5t hzG",-1.0,-1.0,-1.0,-1.0,-1.0,-1.0,-1.0,Ausfall
A09,124.4,Liesing,426,Kammern - Traboch,Staatsgrenze Spielfeld,Kfz,11.198,11.398,9.637,11.093,13.248,10.683,10.84,Messung
A09,124.4,Liesing,426,Kammern - Traboch,Staatsgrenze Spielfeld,"Kfz > 3,5t hzG",2.145,2.847,2.408,2.887,3.007,1.345,221.0,Messung
A09,124.4,Liesing,426,Kammern - Traboch,Staatsgrenze Spielfeld,"Kfz <= 3,5t hzG",9.053,8.551,7.229,8.206,10.241,9.338,10.619,Messung
A09,124.4,Liesing,426,Traboch - Kammern,Kn. Voralpenkreuz,Kfz,13.601,13.112,13.919,12.455,14.335,14.218,14.904,Messung
A09,124.4,Liesing,426,Traboch - Kammern,Kn. Voralpenkreuz,"Kfz > 3,5t hzG",2.105,2.907,4.443,2.934,1.915,569.0,321.0,Messung
A09,124.4,Liesing,426,Traboch - Kammern,Kn. Voralpenkreuz,"Kfz <= 3,5t hzG",11.496,10.205,9.476,9.521,12.42,13.649,14.583,Messung
A09,124.4,Liesing,426,gesamt,gesamt,Kfz,24.799,24.51,23.556,23.548,27.583,24.901,25.744,Messung
A09,124.4,Liesing,426,gesamt,gesamt,"Kfz > 3,5t hzG",4.25,5.754,6.851,5.821,4.922,1.914,542.0,Messung
A09,124.4,Liesing,426,gesamt,gesamt,"Kfz <= 3,5t hzG",20.549,18.756,16.705,17.727,22.661,22.987,25.202,Messung
A09,131.5,St. Michael In Der Oberstmk,432,Terminal St. Michael - Kn. St. Michael,Staatsgrenze Spielfeld,Kfz,13.362,13.831,12.03,13.567,15.597,12.498,12.297,"6,5% Tage geschätzt"
A09,131.5,St. Michael In Der Oberstmk,432,Terminal St. Michael - Kn. St. Michael,Staatsgrenze Spielfeld,"Kfz > 3,5t hzG",2.276,3.037,2.636,3.08,3.163,1.361,225.0,Messung
A09,131.5,St. Michael In Der Oberstmk,432,Terminal St. Michael - Kn. St. Michael,Staatsgrenze Spielfeld,"Kfz <= 3,5t hzG",11.086,10.794,9.394,10.487,12.434,11.137,12.072,"6,5% Tage geschätzt"
A09,131.5,St. Michael In Der Oberstmk,432,Kn. St. Michael - Terminal St. Michael,Kn. Voralpenkreuz,Kfz,15.362,15.175,16.071,14.535,16.303,15.587,15.865,Messung
A09,131.5,St. Michael In Der Oberstmk,432,Kn. St. Michael - Terminal St. Michael,Kn. Voralpenkreuz,"Kfz > 3,5t hzG",2.222,3.075,4.637,3.105,2.058,577.0,333.0,Messung
A09,131.5,St. Michael In Der Oberstmk,432,Kn. St. Michael - Terminal St. Michael,Kn. Voralpenkreuz,"Kfz <= 3,5t hzG",13.14,12.1,11.434,11.43,14.245,15.01,15.532,Messung
A09,131.5,St. Michael In Der Oberstmk,432,gesamt,gesamt,Kfz,28.724,29.006,28.101,28.102,31.9,28.085,28.162,"6,5% Tage geschätzt"
A09,131.5,St. Michael In Der Oberstmk,432,gesamt,gesamt,"Kfz > 3,5t hzG",4.498,6.112,7.273,6.185,5.221,1.938,558.0,Messung
A09,131.5,St. Michael In Der Oberstmk,432,gesamt,gesamt,"Kfz <= 3,5t hzG",24.226,22.894,20.828,21.917,26.679,26.147,27.604,"6,5% Tage geschätzt"
A09,137.4,Gleinalmtunnel,6086,Kn. St. Michael - Übelbach,Staatsgrenze Spielfeld,Kfz,-1.0,-1.0,-1.0,-1.0,-1.0,-1.0,-1.0,Ausfall
A09,137.4,Gleinalmtunnel,6086,Kn. St. Michael - Übelbach,Staatsgrenze Spielfeld,"Kfz > 3,5t hzG",1.915,2.527,2.102,2.526,2.782,1.27,202.0,Messung
A09,137.4,Gleinalmtunnel,6086,Kn. St. Michael - Übelbach,Staatsgrenze Spielfeld,"Kfz <= 3,5t hzG",-1.0,-1.0,-1.0,-1.0,-1.0,-1.0,-1.0,Ausfall
A09,137.4,Gleinalmtunnel,6086,Übelbach - Kn. St. Michael,Kn. Voralpenkreuz,Kfz,-1.0,-1.0,-1.0,-1.0,-1.0,-1.0,-1.0,Ausfall
A09,137.4,Gleinalmtunnel,6086,Übelbach - Kn. St. Michael,Kn. Voralpenkreuz,"Kfz > 3,5t hzG",1.815,2.491,3.946,2.475,1.656,533.0,305.0,Messung
A09,137.4,Gleinalmtunnel,6086,Übelbach - Kn. St. Michael,Kn. Voralpenkreuz,"Kfz <= 3,5t hzG",-1.0,-1.0,-1.0,-1.0,-1.0,-1.0,-1.0,Ausfall
A09,137.4,Gleinalmtunnel,6086,gesamt,gesamt,Kfz,-1.0,-1.0,-1.0,-1.0,-1.0,-1.0,-1.0,Ausfall
A09,137.4,Gleinalmtunnel,6086,gesamt,gesamt,"Kfz > 3,5t hzG",3.73,5.018,6.048,5.001,4.438,1.803,507.0,Messung
A09,137.4,Gleinalmtunnel,6086,gesamt,gesamt,"Kfz <= 3,5t hzG",-1.0,-1.0,-1.0,-1.0,-1.0,-1.0,-1.0,Ausfall
A09,160.7,Prenning,438,Übelbach - Kn. Peggau Deutschfeistritz,Staatsgrenze Spielfeld,Kfz,11.41,12.242,11.055,11.935,13.753,10.394,9.175,"16,1% Tage geschätzt"
A09,160.7,Prenning,438,Übelbach - Kn. Peggau Deutschfeistritz,Staatsgrenze Spielfeld,"Kfz > 3,5t hzG",1.935,2.553,2.133,2.553,2.805,1.287,205.0,Messung
A09,160.7,Prenning,438,Übelbach - Kn. Peggau Deutschfeistritz,Staatsgrenze Spielfeld,"Kfz <= 3,5t hzG",9.475,9.689,8.922,9.382,10.948,9.107,8.97,"16,1% Tage geschätzt"
A09,160.7,Prenning,438,Kn. Peggau Deutschfeistritz - Übelbach,Kn. Voralpenkreuz,Kfz,13.457,13.271,14.691,12.695,13.916,13.519,14.069,Messung
A09,160.7,Prenning,438,Kn. Peggau Deutschfeistritz - Übelbach,Kn. Voralpenkreuz,"Kfz > 3,5t hzG",1.837,2.516,4.004,2.502,1.658,521.0,337.0,Messung
A09,160.7,Prenning,438,Kn. Peggau Deutschfeistritz - Übelbach,Kn. Voralpenkreuz,"Kfz <= 3,5t hzG",11.62,10.755,10.687,10.193,12.258,12.998,13.732,Messung
A09,160.7,Prenning,438,gesamt,gesamt,Kfz,24.867,25.513,25.746,24.63,27.669,23.913,23.244,"16,1% Tage geschätzt"
A09,160.7,Prenning,438,gesamt,gesamt,"Kfz > 3,5t hzG",3.772,5.069,6.137,5.055,4.463,1.808,542.0,Messung
A09,160.7,Prenning,438,gesamt,gesamt,"Kfz <= 3,5t hzG",21.095,20.444,19.609,19.575,23.206,22.105,22.702,"16,1% Tage geschätzt"
A09,166.0,Kn. Peggau-Deutschfeistritz,788,Kn. Peggau Deutschfeistritz - Gratkorn N.,Staatsgrenze Spielfeld,Kfz,18.772,20.567,19.136,20.258,22.227,16.79,13.815,Messung
A09,166.0,Kn. Peggau-Deutschfeistritz,788,Kn. Peggau Deutschfeistritz - Gratkorn N.,Staatsgrenze Spielfeld,"Kfz > 3,5t hzG",2.373,3.182,2.839,3.199,3.342,1.343,229.0,Messung
A09,166.0,Kn. Peggau-Deutschfeistritz,788,Kn. Peggau Deutschfeistritz - Gratkorn N.,Staatsgrenze Spielfeld,"Kfz <= 3,5t hzG",16.399,17.385,16.297,17.059,18.885,15.447,13.586,Messung
A09,166.0,Kn. Peggau-Deutschfeistritz,788,Gratkorn N. - Kn. Peggau Deutschfeistritz,Kn. Voralpenkreuz,Kfz,21.208,21.93,23.166,21.497,22.312,20.172,19.375,Messung
A09,166.0,Kn. Peggau-Deutschfeistritz,788,Gratkorn N. - Kn. Peggau Deutschfeistritz,Kn. Voralpenkreuz,"Kfz > 3,5t hzG",2.285,3.157,4.699,3.193,2.135,580.0,373.0,Messung
A09,166.0,Kn. Peggau-Deutschfeistritz,788,Gratkorn N. - Kn. Peggau Deutschfeistritz,Kn. Voralpenkreuz,"Kfz <= 3,5t hzG",18.923,18.773,18.467,18.304,20.177,19.592,19.002,Messung
A09,166.0,Kn. Peggau-Deutschfeistritz,788,gesamt,gesamt,Kfz,39.98,42.497,42.302,41.755,44.539,36.962,33.19,Messung
A09,166.0,Kn. Peggau-Deutschfeistritz,788,gesamt,gesamt,"Kfz > 3,5t hzG",4.658,6.339,7.538,6.392,5.477,1.923,602.0,Messung
A09,166.0,Kn. Peggau-Deutschfeistritz,788,gesamt,gesamt,"Kfz <= 3,5t hzG",35.322,36.158,34.764,35.363,39.062,35.039,32.588,Messung
A09,170.9,Gratkorn,618,Gratkorn Nord - Gratkorn Süd,Staatsgrenze Spielfeld,Kfz,19.375,21.331,20.191,20.932,23.053,17.143,14.019,"32,3% Tage geschätzt"
A09,170.9,Gratkorn,618,Gratkorn Nord - Gratkorn Süd,Staatsgrenze Spielfeld,"Kfz > 3,5t hzG",2.508,3.378,3.046,3.404,3.51,1.352,230.0,Messung
A09,170.9,Gratkorn,618,Gratkorn Nord - Gratkorn Süd,Staatsgrenze Spielfeld,"Kfz <= 3,5t hzG",16.867,17.953,17.145,17.528,19.543,15.791,13.789,"32,3% Tage geschätzt"
A09,170.9,Gratkorn,618,Gratkorn Süd - Gratkorn Nord,Kn. Voralpenkreuz,Kfz,22.397,23.278,24.55,22.816,23.715,21.297,20.046,"77,4% Tage geschätzt"
A09,170.9,Gratkorn,618,Gratkorn Süd - Gratkorn Nord,Kn. Voralpenkreuz,"Kfz > 3,5t hzG",2.424,3.358,4.908,3.403,2.311,588.0,380.0,Messung
A09,170.9,Gratkorn,618,Gratkorn Süd - Gratkorn Nord,Kn. Voralpenkreuz,"Kfz <= 3,5t hzG",19.973,19.92,19.642,19.413,21.404,20.709,19.666,"77,4% Tage geschätzt"
A09,170.9,Gratkorn,618,gesamt,gesamt,Kfz,41.772,44.609,44.741,43.748,46.768,38.44,34.065,"77,4% Tage geschätzt"
A09,170.9,Gratkorn,618,gesamt,gesamt,"Kfz > 3,5t hzG",4.932,6.736,7.954,6.807,5.821,1.94,610.0,Messung
A09,170.9,Gratkorn,618,gesamt,gesamt,"Kfz <= 3,5t hzG",36.84,37.873,36.787,36.941,40.947,36.5,33.455,"77,4% Tage geschätzt"
A09,174.6,Plabutschtunnel,444,Graz Nord - Graz Webling,Staatsgrenze Spielfeld,Kfz,17.647,20.37,18.929,20.118,21.89,14.631,10.127,Messung
A09,174.6,Plabutschtunnel,444,Graz Nord - Graz Webling,Staatsgrenze Spielfeld,"Kfz > 3,5t hzG",2.451,3.305,2.954,3.328,3.457,1.32,213.0,Messung
A09,174.6,Plabutschtunnel,444,Graz Nord - Graz Webling,Staatsgrenze Spielfeld,"Kfz <= 3,5t hzG",15.196,17.065,15.975,16.79,18.433,13.311,9.914,Messung
A09,174.6,Plabutschtunnel,444,Graz Webling - Graz Nord,Kn. Voralpenkreuz,Kfz,19.877,21.12,22.132,21.058,20.675,17.733,16.957,Messung
A09,174.6,Plabutschtunnel,444,Graz Webling - Graz Nord,Kn. Voralpenkreuz,"Kfz > 3,5t hzG",2.359,3.271,4.709,3.325,2.268,560.0,367.0,Messung
A09,174.6,Plabutschtunnel,444,Graz Webling - Graz Nord,Kn. Voralpenkreuz,"Kfz <= 3,5t hzG",17.518,17.849,17.423,17.733,18.407,17.173,16.59,Messung
A09,174.6,Plabutschtunnel,444,gesamt,gesamt,Kfz,37.524,41.49,41.061,41.176,42.565,32.364,27.084,Messung
A09,174.6,Plabutschtunnel,444,gesamt,gesamt,"Kfz > 3,5t hzG",4.81,6.576,7.663,6.653,5.725,1.88,580.0,Messung
A09,174.6,Plabutschtunnel,444,gesamt,gesamt,"Kfz <= 3,5t hzG",32.714,34.914,33.398,34.523,36.84,30.484,26.504,Messung
A09,186.2,Graz-Webling,446,Graz Webling - Seiersberg,Staatsgrenze Spielfeld,Kfz,30.635,35.551,34.567,34.933,37.747,26.319,16.31,Messung
A09,186.2,Graz-Webling,446,Graz Webling - Seiersberg,Staatsgrenze Spielfeld,"Kfz > 3,5t hzG",2.884,3.901,3.692,3.927,3.961,1.428,296.0,Messung
A09,186.2,Graz-Webling,446,Graz Webling - Seiersberg,Staatsgrenze Spielfeld,"Kfz <= 3,5t hzG",27.751,31.65,30.875,31.006,33.786,24.891,16.014,Messung
A09,186.2,Graz-Webling,446,Seiersberg - Graz Webling,Kn. Voralpenkreuz,Kfz,35.066,37.923,38.87,37.446,38.596,32.785,26.586,"64,5% Tage geschätzt"
A09,186.2,Graz-Webling,446,Seiersberg - Graz Webling,Kn. Voralpenkreuz,"Kfz > 3,5t hzG",2.84,3.926,5.517,3.981,2.828,688.0,474.0,Messung
A09,186.2,Graz-Webling,446,Seiersberg - Graz Webling,Kn. Voralpenkreuz,"Kfz <= 3,5t hzG",32.226,33.997,33.353,33.465,35.768,32.097,26.112,"64,5% Tage geschätzt"
A09,186.2,Graz-Webling,446,gesamt,gesamt,Kfz,65.701,73.474,73.437,72.379,76.343,59.104,42.896,"64,5% Tage geschätzt"
A09,186.2,Graz-Webling,446,gesamt,gesamt,"Kfz > 3,5t hzG",5.724,7.827,9.209,7.908,6.789,2.116,770.0,Messung
A09,186.2,Graz-Webling,446,gesamt,gesamt,"Kfz <= 3,5t hzG",59.977,65.647,64.228,64.471,69.554,56.988,42.126,"64,5% Tage geschätzt"
A09,190.2,HASt Schwarzlsee,470,Kn. Graz West - Schwarzlsee,Staatsgrenze Spielfeld,Kfz,-1.0,-1.0,-1.0,-1.0,-1.0,-1.0,-1.0,Ausfall
A09,190.2,HASt Schwarzlsee,470,Kn. Graz West - Schwarzlsee,Staatsgrenze Spielfeld,"Kfz > 3,5t hzG",3.383,4.633,4.513,4.692,4.552,1.436,309.0,Messung
A09,190.2,HASt Schwarzlsee,470,Kn. Graz West - Schwarzlsee,Staatsgrenze Spielfeld,"Kfz <= 3,5t hzG",-1.0,-1.0,-1.0,-1.0,-1.0,-1.0,-1.0,Ausfall
A09,190.2,HASt Schwarzlsee,470,Schwarzlsee - Kn. Graz West,Kn. Voralpenkreuz,Kfz,-1.0,-1.0,-1.0,-1.0,-1.0,-1.0,-1.0,Ausfall
A09,190.2,HASt Schwarzlsee,470,Schwarzlsee - Kn. Graz West,Kn. Voralpenkreuz,"Kfz > 3,5t hzG",3.309,4.607,6.28,4.682,3.409,769.0,456.0,Messung
A09,190.2,HASt Schwarzlsee,470,Schwarzlsee - Kn. Graz West,Kn. Voralpenkreuz,"Kfz <= 3,5t hzG",-1.0,-1.0,-1.0,-1.0,-1.0,-1.0,-1.0,Ausfall
A09,190.2,HASt Schwarzlsee,470,gesamt,gesamt,Kfz,-1.0,-1.0,-1.0,-1.0,-1.0,-1.0,-1.0,Ausfall
A09,190.2,HASt Schwarzlsee,470,gesamt,gesamt,"Kfz > 3,5t hzG",6.692,9.24,10.793,9.374,7.961,2.205,765.0,Messung
A09,190.2,HASt Schwarzlsee,470,gesamt,gesamt,"Kfz <= 3,5t hzG",-1.0,-1.0,-1.0,-1.0,-1.0,-1.0,-1.0,Ausfall
A09,191.1,ASt Schachenwald-IBC,350,Schwarzlsee - Schachenwald,Staatsgrenze Spielfeld,Kfz,28.247,33.48,32.123,33.108,35.263,21.579,14.376,Messung
A09,191.1,ASt Schachenwald-IBC,350,Schwarzlsee - Schachenwald,Staatsgrenze Spielfeld,"Kfz > 3,5t hzG",3.377,4.625,4.505,4.683,4.546,1.432,303.0,Messung
A09,191.1,ASt Schachenwald-IBC,350,Schwarzlsee - Schachenwald,Staatsgrenze Spielfeld,"Kfz <= 3,5t hzG",24.87,28.855,27.618,28.425,30.717,20.147,14.073,Messung
